Timestamp,Voltage (V)
2024-07-12 14:50:56,-0.0006108989
2024-07-12 14:50:56,0.0005475074
2024-07-12 14:50:56,0.0005467736
2024-07-12 14:50:56,0.0005466451
2024-07-12 14:50:56,0.0005459961
2024-07-12 14:50:56,0.0005459999
2024-07-12 14:50:56,0.0005454495
2024-07-12 14:50:57,0.0005448605
2024-07-12 14:50:57,0.0005447219
2024-07-12 14:50:57,0.0005444499
2024-07-12 14:50:57,0.0005441242
2024-07-12 14:50:57,0.0005438309
2024-07-12 14:50:57,0.0005440718
2024-07-12 14:50:57,0.0005436624
2024-07-12 14:50:57,0.0005433442
2024-07-12 14:50:57,0.0005428512
2024-07-12 14:50:57,0.0005419103
2024-07-12 14:50:58,0.0005417855
2024-07-12 14:50:58,0.000541134
2024-07-12 14:50:58,0.0005397288
2024-07-12 14:50:58,0.000540575
2024-07-12 14:50:58,0.0005382709
2024-07-12 14:50:58,0.0005378116
2024-07-12 14:50:58,0.0005387002
2024-07-12 14:50:58,0.0005379177
2024-07-12 14:50:58,0.0005361319
2024-07-12 14:50:59,0.0005365013
2024-07-12 14:50:59,0.0005363128
2024-07-12 14:50:59,0.0005356102
2024-07-12 14:50:59,0.0005356015
2024-07-12 14:50:59,0.0005350998
2024-07-12 14:50:59,0.0005368245
2024-07-12 14:50:59,0.0005386403
2024-07-12 14:50:59,0.0005376244
2024-07-12 14:50:59,0.0005366261
2024-07-12 14:50:59,0.000534039
2024-07-12 14:51:00,0.0005348178
2024-07-12 14:51:00,0.0005338868
2024-07-12 14:51:00,0.0005331018
2024-07-12 14:51:00,0.0005332915
2024-07-12 14:51:00,0.0005326301
2024-07-12 14:51:00,0.0005329658
2024-07-12 14:51:00,0.0005342412
2024-07-12 14:51:00,0.0005346306
2024-07-12 14:51:00,0.000534799
2024-07-12 14:51:00,0.0005350711
2024-07-12 14:51:01,0.0005336347
2024-07-12 14:51:01,0.0005350349
2024-07-12 14:51:01,0.000534361
2024-07-12 14:51:01,0.0005370916
2024-07-12 14:51:01,0.0005383308
2024-07-12 14:51:01,0.0005381211
2024-07-12 14:51:01,0.0005341701
2024-07-12 14:51:01,0.0005326912
2024-07-12 14:51:01,0.0005316953
2024-07-12 14:51:02,0.0005336072
2024-07-12 14:51:02,0.0005329233
2024-07-12 14:51:02,0.0005332541
2024-07-12 14:51:02,0.0005333102
2024-07-12 14:51:02,0.0005333115
2024-07-12 14:51:02,0.0005333901
2024-07-12 14:51:02,0.0005339258
2024-07-12 14:51:02,0.000535316
2024-07-12 14:51:02,0.0005366176
2024-07-12 14:51:02,0.0005351675
2024-07-12 14:51:03,0.0005356879
2024-07-12 14:51:03,0.0005376959
2024-07-12 14:51:03,0.0005389414
2024-07-12 14:51:03,0.0005389401
2024-07-12 14:51:03,0.0005385133
2024-07-12 14:51:03,0.0005392296
2024-07-12 14:51:03,0.0005395741
2024-07-12 14:51:03,0.000538542
2024-07-12 14:51:03,0.0005391573
2024-07-12 14:51:03,0.0005402055
2024-07-12 14:51:04,0.0005412189
2024-07-12 14:51:04,0.0005404926
2024-07-12 14:51:04,0.0005421636
2024-07-12 14:51:04,0.0005420451
2024-07-12 14:51:04,0.0005398861
2024-07-12 14:51:04,0.0005405899
2024-07-12 14:51:04,0.0005399934
2024-07-12 14:51:04,0.0005401744
2024-07-12 14:51:04,0.0005409231
2024-07-12 14:51:04,0.0005407883
2024-07-12 14:51:05,0.0005404701
2024-07-12 14:51:05,0.0005404776
2024-07-12 14:51:05,0.0005404339
2024-07-12 14:51:05,0.0005395778
2024-07-12 14:51:05,0.0005393744
2024-07-12 14:51:05,0.0005391772
2024-07-12 14:51:05,0.0005380541
2024-07-12 14:51:05,0.0005372179
2024-07-12 14:51:05,0.0005375299
2024-07-12 14:51:06,0.0005378332
2024-07-12 14:51:06,0.0005382675
2024-07-12 14:51:06,0.0005372554
2024-07-12 14:51:06,0.0005383636
2024-07-12 14:51:06,0.0005379505
2024-07-12 14:51:06,0.0005372903
2024-07-12 14:51:06,0.1935951
2024-07-12 14:51:06,0.2616494
2024-07-12 14:51:06,0.2949764
2024-07-12 14:51:06,0.3193656
2024-07-12 14:51:07,0.3400042
2024-07-12 14:51:07,0.3599563
2024-07-12 14:51:07,0.3776391
2024-07-12 14:51:07,0.3932894
2024-07-12 14:51:07,0.4033254
2024-07-12 14:51:07,0.4118104
2024-07-12 14:51:07,0.4214272
2024-07-12 14:51:07,0.4332573
2024-07-12 14:51:07,0.4353381
2024-07-12 14:51:07,0.4435505
2024-07-12 14:51:08,0.4536608
2024-07-12 14:51:08,0.4599473
2024-07-12 14:51:08,0.4631801
2024-07-12 14:51:08,0.4691782
2024-07-12 14:51:08,0.4801182
2024-07-12 14:51:08,0.4864026
2024-07-12 14:51:08,0.4987331
2024-07-12 14:51:08,0.5004717
2024-07-12 14:51:08,0.5093687
2024-07-12 14:51:09,0.5167782
2024-07-12 14:51:09,0.5197432
2024-07-12 14:51:09,0.5277115
2024-07-12 14:51:09,0.5290931
2024-07-12 14:51:09,0.5362678
2024-07-12 14:51:09,0.5383744
2024-07-12 14:51:09,0.5391012
2024-07-12 14:51:09,0.5485891
2024-07-12 14:51:09,0.5518315
2024-07-12 14:51:09,0.5567426
2024-07-12 14:51:10,0.5588436
2024-07-12 14:51:10,0.5572666
2024-07-12 14:51:10,0.5683436
2024-07-12 14:51:10,0.5731503
2024-07-12 14:51:10,0.5752362
2024-07-12 14:51:10,0.579331
2024-07-12 14:51:10,0.5834168
2024-07-12 14:51:10,0.5881042
2024-07-12 14:51:10,0.5907449
2024-07-12 14:51:11,0.5966914
2024-07-12 14:51:11,0.5978613
2024-07-12 14:51:11,0.6008289
2024-07-12 14:51:11,0.6059297
2024-07-12 14:51:11,0.6037878
2024-07-12 14:51:11,0.6101389
2024-07-12 14:51:11,0.6111054
2024-07-12 14:51:11,0.6141806
2024-07-12 14:51:11,0.6161656
2024-07-12 14:51:11,0.6191872
2024-07-12 14:51:12,0.6218031
2024-07-12 14:51:12,0.6239129
2024-07-12 14:51:12,0.6266557
2024-07-12 14:51:12,0.6322048
2024-07-12 14:51:12,0.632106
2024-07-12 14:51:12,0.6366144
2024-07-12 14:51:12,0.6372555
2024-07-12 14:51:12,0.6370019
2024-07-12 14:51:12,0.6453847
2024-07-12 14:51:12,0.6440982
2024-07-12 14:51:13,0.6478619
2024-07-12 14:51:13,0.6485937
2024-07-12 14:51:13,0.6526956
2024-07-12 14:51:13,0.6526438
2024-07-12 14:51:13,0.6558046
2024-07-12 14:51:13,0.657414
2024-07-12 14:51:13,0.660057
2024-07-12 14:51:13,0.6618217
2024-07-12 14:51:13,0.6711375
2024-07-12 14:51:13,0.6712879
2024-07-12 14:51:14,0.669765
2024-07-12 14:51:14,0.673258
2024-07-12 14:51:14,0.6751109
2024-07-12 14:51:14,0.6767733
2024-07-12 14:51:14,0.6784861
2024-07-12 14:51:14,0.680494
2024-07-12 14:51:14,0.6841145
2024-07-12 14:51:14,0.6839933
2024-07-12 14:51:14,0.6818061
2024-07-12 14:51:15,0.6871834
2024-07-12 14:51:15,0.6887734
2024-07-12 14:51:15,0.6906448
2024-07-12 14:51:15,0.6911296
2024-07-12 14:51:15,0.6936802
2024-07-12 14:51:15,0.6942228
2024-07-12 14:51:15,0.6926972
2024-07-12 14:51:15,0.6961918
2024-07-12 14:51:15,0.7009075
2024-07-12 14:51:15,0.703376
2024-07-12 14:51:16,0.7038781
2024-07-12 14:51:16,0.7052893
2024-07-12 14:51:16,0.7046311
2024-07-12 14:51:16,0.7096631
2024-07-12 14:51:16,0.7093028
2024-07-12 14:51:16,0.7137424
2024-07-12 14:51:16,0.7084188
2024-07-12 14:51:16,0.7154528
2024-07-12 14:51:16,0.7186306
2024-07-12 14:51:16,0.7189072
2024-07-12 14:51:17,0.7179273
2024-07-12 14:51:17,0.7186898
2024-07-12 14:51:17,0.7229376
2024-07-12 14:51:17,0.7192233
2024-07-12 14:51:17,0.7240733
2024-07-12 14:51:17,0.7255292
2024-07-12 14:51:17,0.7251624
2024-07-12 14:51:17,0.7263218
2024-07-12 14:51:17,0.728392
2024-07-12 14:51:18,0.7263875
2024-07-12 14:51:18,0.7309709
2024-07-12 14:51:18,0.7355527
2024-07-12 14:51:18,0.7382431
2024-07-12 14:51:18,0.7369089
2024-07-12 14:51:18,0.7390658
2024-07-12 14:51:18,0.7395984
2024-07-12 14:51:18,0.7467525
2024-07-12 14:51:18,0.745727
2024-07-12 14:51:18,0.7476895
2024-07-12 14:51:19,0.7475288
2024-07-12 14:51:19,0.7519999
2024-07-12 14:51:19,0.7466328
2024-07-12 14:51:19,0.750706
2024-07-12 14:51:19,0.7525725
2024-07-12 14:51:19,0.7537418
2024-07-12 14:51:19,0.7547156
2024-07-12 14:51:19,0.7518691
2024-07-12 14:51:19,0.7574408
2024-07-12 14:51:20,0.7627972
2024-07-12 14:51:20,0.763444
2024-07-12 14:51:20,0.7637034
2024-07-12 14:51:20,0.7620967
2024-07-12 14:51:20,0.7713331
2024-07-12 14:51:20,0.7664401
2024-07-12 14:51:20,0.7709509
2024-07-12 14:51:20,0.7700486
2024-07-12 14:51:20,0.7714145
2024-07-12 14:51:20,0.7731847
2024-07-12 14:51:21,0.7783804
2024-07-12 14:51:21,0.7755008
2024-07-12 14:51:21,0.7746202
2024-07-12 14:51:21,0.7772622
2024-07-12 14:51:21,0.7812104
2024-07-12 14:51:21,0.7785945
2024-07-12 14:51:21,0.778421
2024-07-12 14:51:21,0.7831831
2024-07-12 14:51:21,0.7834296
2024-07-12 14:51:21,0.7842071
2024-07-12 14:51:22,0.7854428
2024-07-12 14:51:22,0.7854557
2024-07-12 14:51:22,0.7856771
2024-07-12 14:51:22,0.7867073
2024-07-12 14:51:22,0.7892328
2024-07-12 14:51:22,0.7900401
2024-07-12 14:51:22,0.7908338
2024-07-12 14:51:22,0.7924791
2024-07-12 14:51:22,0.7968928
2024-07-12 14:51:23,0.7899923
2024-07-12 14:51:23,0.7980799
2024-07-12 14:51:23,0.792449
2024-07-12 14:51:23,0.7967582
2024-07-12 14:51:23,0.7995967
2024-07-12 14:51:23,0.7959211
2024-07-12 14:51:23,0.8018764
2024-07-12 14:51:23,0.8017244
2024-07-12 14:51:23,0.7994953
2024-07-12 14:51:23,0.8070446
2024-07-12 14:51:24,0.8049317
2024-07-12 14:51:24,0.807823
2024-07-12 14:51:24,0.8050165
2024-07-12 14:51:24,0.8097855
2024-07-12 14:51:24,0.8154563
2024-07-12 14:51:24,0.8131023
2024-07-12 14:51:24,0.8112998
2024-07-12 14:51:24,0.8159282
2024-07-12 14:51:24,0.8234767
2024-07-12 14:51:24,0.8225632
2024-07-12 14:51:25,0.8183133
2024-07-12 14:51:25,0.8178822
2024-07-12 14:51:25,0.8168647
2024-07-12 14:51:25,0.8196401
2024-07-12 14:51:25,0.8237362
2024-07-12 14:51:25,0.8212998
2024-07-12 14:51:25,0.8225639
2024-07-12 14:51:25,0.8253342
2024-07-12 14:51:25,0.822394
2024-07-12 14:51:26,0.8261967
2024-07-12 14:51:26,0.8252971
2024-07-12 14:51:26,0.8239247
2024-07-12 14:51:26,0.8304966
2024-07-12 14:51:26,0.8288978
2024-07-12 14:51:26,0.8350645
2024-07-12 14:51:26,0.8306071
2024-07-12 14:51:26,0.8333699
2024-07-12 14:51:26,0.8344054
2024-07-12 14:51:26,0.8372729
2024-07-12 14:51:27,0.8387428
2024-07-12 14:51:27,0.8392321
2024-07-12 14:51:27,0.8398587
2024-07-12 14:51:27,0.8418262
2024-07-12 14:51:27,0.8401455
2024-07-12 14:51:27,0.8364161
2024-07-12 14:51:27,0.837303
2024-07-12 14:51:27,0.8355934
2024-07-12 14:51:27,0.838909
2024-07-12 14:51:28,0.8432436
2024-07-12 14:51:28,0.8447133
2024-07-12 14:51:28,0.8434734
2024-07-12 14:51:28,0.8475722
2024-07-12 14:51:28,0.8446318
2024-07-12 14:51:28,0.8534592
2024-07-12 14:51:28,0.8536329
2024-07-12 14:51:28,0.8498045
2024-07-12 14:51:28,0.8503928
2024-07-12 14:51:28,0.8600715
2024-07-12 14:51:29,0.8542196
2024-07-12 14:51:29,0.8558552
2024-07-12 14:51:29,0.8542005
2024-07-12 14:51:29,0.8571332
2024-07-12 14:51:29,0.8581828
2024-07-12 14:51:29,0.8591711
2024-07-12 14:51:29,0.861549
2024-07-12 14:51:29,0.8631651
2024-07-12 14:51:29,0.8644044
2024-07-12 14:51:29,0.8634436
2024-07-12 14:51:30,0.860176
2024-07-12 14:51:30,0.8659642
2024-07-12 14:51:30,0.8682307
2024-07-12 14:51:30,0.868507
2024-07-12 14:51:30,0.8698978
2024-07-12 14:51:30,0.8716905
2024-07-12 14:51:30,0.8681323
2024-07-12 14:51:30,0.8736864
2024-07-12 14:51:30,0.8754895
2024-07-12 14:51:31,0.8737306
2024-07-12 14:51:31,0.8746037
2024-07-12 14:51:31,0.8762429
2024-07-12 14:51:31,0.8771662
2024-07-12 14:51:31,0.8815613
2024-07-12 14:51:31,0.8737993
2024-07-12 14:51:31,0.8742935
2024-07-12 14:51:31,0.8692539
2024-07-12 14:51:31,0.8762308
2024-07-12 14:51:31,0.875356
2024-07-12 14:51:32,0.8826317
2024-07-12 14:51:32,0.8781049
2024-07-12 14:51:32,0.8861251
2024-07-12 14:51:32,0.8843825
2024-07-12 14:51:32,0.8796688
2024-07-12 14:51:32,0.8811972
2024-07-12 14:51:32,0.8818951
2024-07-12 14:51:32,0.885638
2024-07-12 14:51:32,0.8866566
2024-07-12 14:51:32,0.8914552
2024-07-12 14:51:33,0.8871232
2024-07-12 14:51:33,0.8891702
2024-07-12 14:51:33,0.889852
2024-07-12 14:51:33,0.8882165
2024-07-12 14:51:33,0.8916239
2024-07-12 14:51:33,0.8927513
2024-07-12 14:51:33,0.8943785
2024-07-12 14:51:33,0.8947407
2024-07-12 14:51:33,0.8938007
2024-07-12 14:51:33,0.9002913
2024-07-12 14:51:34,0.9016364
2024-07-12 14:51:34,0.9003294
2024-07-12 14:51:34,0.9041212
2024-07-12 14:51:34,0.8977121
2024-07-12 14:51:34,0.9012869
2024-07-12 14:51:34,0.9016833
2024-07-12 14:51:34,0.9013908
2024-07-12 14:51:34,0.9059094
2024-07-12 14:51:34,0.9027968
2024-07-12 14:51:35,0.9038133
2024-07-12 14:51:35,0.911399
2024-07-12 14:51:35,0.9086877
2024-07-12 14:51:35,0.9132817
2024-07-12 14:51:35,0.910944
2024-07-12 14:51:35,0.9110895
2024-07-12 14:51:35,0.9120651
2024-07-12 14:51:35,0.9108609
2024-07-12 14:51:35,0.9166641
2024-07-12 14:51:35,0.9175374
2024-07-12 14:51:36,0.9158084
2024-07-12 14:51:36,0.9173228
2024-07-12 14:51:36,0.9174475
2024-07-12 14:51:36,0.9197814
2024-07-12 14:51:36,0.9193002
2024-07-12 14:51:36,0.923367
2024-07-12 14:51:36,0.9268133
2024-07-12 14:51:36,0.9241942
2024-07-12 14:51:36,0.9284373
2024-07-12 14:51:36,0.9241863
2024-07-12 14:51:37,0.9271612
2024-07-12 14:51:37,0.9273227
2024-07-12 14:51:37,0.92822
2024-07-12 14:51:37,0.9321744
2024-07-12 14:51:37,0.9349938
2024-07-12 14:51:37,0.9314334
2024-07-12 14:51:37,0.9283956
2024-07-12 14:51:37,0.9367241
2024-07-12 14:51:37,0.9297976
2024-07-12 14:51:38,0.9348926
2024-07-12 14:51:38,0.9395062
2024-07-12 14:51:38,0.9357418
2024-07-12 14:51:38,0.9367646
2024-07-12 14:51:38,0.9403833
2024-07-12 14:51:38,0.9425862
2024-07-12 14:51:38,0.9409132
2024-07-12 14:51:38,0.9350933
2024-07-12 14:51:38,0.9447946
2024-07-12 14:51:38,0.9385695
2024-07-12 14:51:39,0.9471011
2024-07-12 14:51:39,0.9531476
2024-07-12 14:51:39,0.9464952
2024-07-12 14:51:39,0.9486355
2024-07-12 14:51:39,0.9499398
2024-07-12 14:51:39,0.9540259
2024-07-12 14:51:39,0.9485805
2024-07-12 14:51:39,0.9564955
2024-07-12 14:51:39,0.9540704
2024-07-12 14:51:40,0.9510797
2024-07-12 14:51:40,0.9554149
2024-07-12 14:51:40,0.9558976
2024-07-12 14:51:40,0.9616133
2024-07-12 14:51:40,0.9567383
2024-07-12 14:51:40,0.9576868
2024-07-12 14:51:40,0.9567285
2024-07-12 14:51:40,0.9615724
2024-07-12 14:51:40,0.9628543
2024-07-12 14:51:40,0.9596002
2024-07-12 14:51:41,0.9680951
2024-07-12 14:51:41,0.9743655
2024-07-12 14:51:41,0.9651827
2024-07-12 14:51:41,0.9657074
2024-07-12 14:51:41,0.9707146
2024-07-12 14:51:41,0.9713903
2024-07-12 14:51:41,0.971473
2024-07-12 14:51:41,0.9728082
2024-07-12 14:51:41,0.9759892
2024-07-12 14:51:41,0.9799359
2024-07-12 14:51:42,0.9793874
2024-07-12 14:51:42,0.977717
2024-07-12 14:51:42,0.9783614
2024-07-12 14:51:42,0.9799188
2024-07-12 14:51:42,0.979225
2024-07-12 14:51:42,0.9745479
2024-07-12 14:51:42,0.978127
2024-07-12 14:51:42,0.9806248
2024-07-12 14:51:42,0.9745255
2024-07-12 14:51:43,0.9772528
2024-07-12 14:51:43,0.9758037
2024-07-12 14:51:43,0.9766558
2024-07-12 14:51:43,0.9767057
2024-07-12 14:51:43,0.980991
2024-07-12 14:51:43,0.9827746
2024-07-12 14:51:43,0.9831101
2024-07-12 14:51:43,0.9829842
2024-07-12 14:51:43,0.9860374
2024-07-12 14:51:43,0.9834118
2024-07-12 14:51:44,0.986001
2024-07-12 14:51:44,0.9842709
2024-07-12 14:51:44,0.9917905
2024-07-12 14:51:44,0.9941316
2024-07-12 14:51:44,1.000827
2024-07-12 14:51:44,1.001209
2024-07-12 14:51:44,1.005415
2024-07-12 14:51:44,1.005726
2024-07-12 14:51:44,1.006359
2024-07-12 14:51:45,1.008446
2024-07-12 14:51:45,1.005208
2024-07-12 14:51:45,1.010573
2024-07-12 14:51:45,1.006801
2024-07-12 14:51:45,1.016161
2024-07-12 14:51:45,1.013123
2024-07-12 14:51:45,1.016189
2024-07-12 14:51:45,1.013596
2024-07-12 14:51:45,1.015826
2024-07-12 14:51:45,1.02099
2024-07-12 14:51:46,1.023359
2024-07-12 14:51:46,1.023795
2024-07-12 14:51:46,1.022359
2024-07-12 14:51:46,1.018659
2024-07-12 14:51:46,1.01749
2024-07-12 14:51:46,1.017803
2024-07-12 14:51:46,1.014642
2024-07-12 14:51:46,1.018297
2024-07-12 14:51:46,1.020362
2024-07-12 14:51:46,1.018397
2024-07-12 14:51:47,1.018868
2024-07-12 14:51:47,1.021708
2024-07-12 14:51:47,1.023191
2024-07-12 14:51:47,1.024913
2024-07-12 14:51:47,1.023043
2024-07-12 14:51:47,1.027932
2024-07-12 14:51:47,1.028284
2024-07-12 14:51:47,1.031255
2024-07-12 14:51:47,1.027888
2024-07-12 14:51:48,1.037874
2024-07-12 14:51:48,1.035396
2024-07-12 14:51:48,1.035905
2024-07-12 14:51:48,1.033281
2024-07-12 14:51:48,1.040801
2024-07-12 14:51:48,1.035796
2024-07-12 14:51:48,1.033403
2024-07-12 14:51:48,1.036416
2024-07-12 14:51:48,1.038036
2024-07-12 14:51:48,1.035271
2024-07-12 14:51:49,1.040029
2024-07-12 14:51:49,1.041405
2024-07-12 14:51:49,1.040869
2024-07-12 14:51:49,1.046961
2024-07-12 14:51:49,1.045022
2024-07-12 14:51:49,1.043899
2024-07-12 14:51:49,1.049174
2024-07-12 14:51:49,1.051768
2024-07-12 14:51:49,1.051453
2024-07-12 14:51:49,1.052333
2024-07-12 14:51:50,1.053367
2024-07-12 14:51:50,1.055885
2024-07-12 14:51:50,1.061896
2024-07-12 14:51:50,1.058796
2024-07-12 14:51:50,1.056881
2024-07-12 14:51:50,1.05428
2024-07-12 14:51:50,1.059506
2024-07-12 14:51:50,1.060105
2024-07-12 14:51:50,1.064643
2024-07-12 14:51:51,1.062514
2024-07-12 14:51:51,1.060858
2024-07-12 14:51:51,1.057141
2024-07-12 14:51:51,1.057042
2024-07-12 14:51:51,1.061007
2024-07-12 14:51:51,1.056925
2024-07-12 14:51:51,1.056291
2024-07-12 14:51:51,1.060022
2024-07-12 14:51:51,1.061889
2024-07-12 14:51:51,1.066408
2024-07-12 14:51:52,1.063465
2024-07-12 14:51:52,1.067487
2024-07-12 14:51:52,1.064173
2024-07-12 14:51:52,1.06386
2024-07-12 14:51:52,1.067457
2024-07-12 14:51:52,1.070571
2024-07-12 14:51:52,1.076146
2024-07-12 14:51:52,1.080803
2024-07-12 14:51:52,1.078182
2024-07-12 14:51:53,1.085794
2024-07-12 14:51:53,1.086936
2024-07-12 14:51:53,1.08491
2024-07-12 14:51:53,1.093076
2024-07-12 14:51:53,1.089845
2024-07-12 14:51:53,1.09239
2024-07-12 14:51:53,1.098005
2024-07-12 14:51:53,1.094202
2024-07-12 14:51:53,1.095795
2024-07-12 14:51:53,1.100653
2024-07-12 14:51:54,1.101913
2024-07-12 14:51:54,1.098542
2024-07-12 14:51:54,1.098056
2024-07-12 14:51:54,1.100391
2024-07-12 14:51:54,1.105597
2024-07-12 14:51:54,1.107224
2024-07-12 14:51:54,1.10545
2024-07-12 14:51:54,1.106212
2024-07-12 14:51:54,1.107642
2024-07-12 14:51:54,1.10697
2024-07-12 14:51:55,1.114491
2024-07-12 14:51:55,1.11681
2024-07-12 14:51:55,1.115025
2024-07-12 14:51:55,1.112672
2024-07-12 14:51:55,1.110016
2024-07-12 14:51:55,1.109401
2024-07-12 14:51:55,1.115871
2024-07-12 14:51:55,1.11766
2024-07-12 14:51:55,1.11412
2024-07-12 14:51:56,1.115816
2024-07-12 14:51:56,1.115188
2024-07-12 14:51:56,1.114696
2024-07-12 14:51:56,1.11918
2024-07-12 14:51:56,1.117764
2024-07-12 14:51:56,1.113315
2024-07-12 14:51:56,1.120596
2024-07-12 14:51:56,1.11944
2024-07-12 14:51:56,1.121343
2024-07-12 14:51:56,1.119762
2024-07-12 14:51:57,1.133135
2024-07-12 14:51:57,1.128231
2024-07-12 14:51:57,1.128398
2024-07-12 14:51:57,1.126381
2024-07-12 14:51:57,1.122226
2024-07-12 14:51:57,1.127243
2024-07-12 14:51:57,1.12763
2024-07-12 14:51:57,1.124623
2024-07-12 14:51:57,1.128099
2024-07-12 14:51:58,1.131447
2024-07-12 14:51:58,1.138223
2024-07-12 14:51:58,1.132943
2024-07-12 14:51:58,1.134071
2024-07-12 14:51:58,1.135516
2024-07-12 14:51:58,1.137598
2024-07-12 14:51:58,1.137436
2024-07-12 14:51:58,1.134445
2024-07-12 14:51:58,1.141185
2024-07-12 14:51:58,1.135542
2024-07-12 14:51:59,1.13628
2024-07-12 14:51:59,1.138146
2024-07-12 14:51:59,1.140212
2024-07-12 14:51:59,1.139969
2024-07-12 14:51:59,1.142504
2024-07-12 14:51:59,1.143155
2024-07-12 14:51:59,1.145278
2024-07-12 14:51:59,1.149926
2024-07-12 14:51:59,1.146267
2024-07-12 14:51:59,1.14356
2024-07-12 14:52:00,1.142512
2024-07-12 14:52:00,1.141334
2024-07-12 14:52:00,1.139834
2024-07-12 14:52:00,1.141546
2024-07-12 14:52:00,1.138146
2024-07-12 14:52:00,1.134239
2024-07-12 14:52:00,1.143675
2024-07-12 14:52:00,1.138698
2024-07-12 14:52:00,1.139189
2024-07-12 14:52:01,1.143664
2024-07-12 14:52:01,1.144794
2024-07-12 14:52:01,1.146781
2024-07-12 14:52:01,1.140671
2024-07-12 14:52:01,1.145479
2024-07-12 14:52:01,1.148439
2024-07-12 14:52:01,1.147311
2024-07-12 14:52:01,1.144797
2024-07-12 14:52:01,1.143703
2024-07-12 14:52:01,1.143712
2024-07-12 14:52:02,1.147381
2024-07-12 14:52:02,1.151679
2024-07-12 14:52:02,1.163719
2024-07-12 14:52:02,1.155707
2024-07-12 14:52:02,1.155937
2024-07-12 14:52:02,1.15589
2024-07-12 14:52:02,1.157604
2024-07-12 14:52:02,1.156391
2024-07-12 14:52:02,1.15729
2024-07-12 14:52:03,1.155382
2024-07-12 14:52:03,1.161612
2024-07-12 14:52:03,1.159361
2024-07-12 14:52:03,1.16061
2024-07-12 14:52:03,1.162936
2024-07-12 14:52:03,1.156806
2024-07-12 14:52:03,1.157826
2024-07-12 14:52:03,1.160912
2024-07-12 14:52:03,1.161418
2024-07-12 14:52:03,1.161781
2024-07-12 14:52:04,1.162983
2024-07-12 14:52:04,1.161405
2024-07-12 14:52:04,1.163443
2024-07-12 14:52:04,1.164063
2024-07-12 14:52:04,1.1637
2024-07-12 14:52:04,1.162636
2024-07-12 14:52:04,1.165688
2024-07-12 14:52:04,1.162373
2024-07-12 14:52:04,1.161551
2024-07-12 14:52:04,1.157368
2024-07-12 14:52:05,1.158062
2024-07-12 14:52:05,1.162217
2024-07-12 14:52:05,1.162584
2024-07-12 14:52:05,1.167498
2024-07-12 14:52:05,1.163551
2024-07-12 14:52:05,1.166655
2024-07-12 14:52:05,1.166969
2024-07-12 14:52:05,1.162322
2024-07-12 14:52:05,1.165385
2024-07-12 14:52:06,1.162324
2024-07-12 14:52:06,1.170169
2024-07-12 14:52:06,1.170975
2024-07-12 14:52:06,1.175276
2024-07-12 14:52:06,1.170187
2024-07-12 14:52:06,1.16863
2024-07-12 14:52:06,1.170332
2024-07-12 14:52:06,1.171083
2024-07-12 14:52:06,1.173551
2024-07-12 14:52:06,1.178969
2024-07-12 14:52:07,1.17168
2024-07-12 14:52:07,1.175866
2024-07-12 14:52:07,1.176832
2024-07-12 14:52:07,1.178262
2024-07-12 14:52:07,1.173846
2024-07-12 14:52:07,1.179992
2024-07-12 14:52:07,1.178736
2024-07-12 14:52:07,1.177662
2024-07-12 14:52:07,1.183172
2024-07-12 14:52:08,1.175754
2024-07-12 14:52:08,1.17902
2024-07-12 14:52:08,1.179956
2024-07-12 14:52:08,1.18081
2024-07-12 14:52:08,1.182935
2024-07-12 14:52:08,1.181273
2024-07-12 14:52:08,1.187698
2024-07-12 14:52:08,1.186706
2024-07-12 14:52:08,1.185997
2024-07-12 14:52:08,1.183809
2024-07-12 14:52:09,1.186423
2024-07-12 14:52:09,1.189008
2024-07-12 14:52:09,1.184255
2024-07-12 14:52:09,1.183268
2024-07-12 14:52:09,1.18771
2024-07-12 14:52:09,1.192406
2024-07-12 14:52:09,1.195162
2024-07-12 14:52:09,1.19701
2024-07-12 14:52:09,1.197408
2024-07-12 14:52:09,1.194084
2024-07-12 14:52:10,1.197898
2024-07-12 14:52:10,1.19218
2024-07-12 14:52:10,1.196758
2024-07-12 14:52:10,1.194279
2024-07-12 14:52:10,1.192482
2024-07-12 14:52:10,1.192095
2024-07-12 14:52:10,1.195547
2024-07-12 14:52:10,1.191399
2024-07-12 14:52:10,1.199302
2024-07-12 14:52:11,1.197091
2024-07-12 14:52:11,1.196113
2024-07-12 14:52:11,1.194883
2024-07-12 14:52:11,1.195828
2024-07-12 14:52:11,1.199738
2024-07-12 14:52:11,1.195992
2024-07-12 14:52:11,1.193915
2024-07-12 14:52:11,1.200154
2024-07-12 14:52:11,1.200814
2024-07-12 14:52:12,1.198222
2024-07-12 14:52:12,1.201277
2024-07-12 14:52:12,1.202502
2024-07-12 14:52:12,1.201906
2024-07-12 14:52:12,1.20544
2024-07-12 14:52:12,1.212417
2024-07-12 14:52:12,1.208293
2024-07-12 14:52:12,1.203257
2024-07-12 14:52:12,1.204098
2024-07-12 14:52:12,1.20071
2024-07-12 14:52:13,1.201423
2024-07-12 14:52:13,1.202821
2024-07-12 14:52:13,1.200659
2024-07-12 14:52:13,1.202178
2024-07-12 14:52:13,1.205288
2024-07-12 14:52:13,1.210153
2024-07-12 14:52:13,1.209039
2024-07-12 14:52:13,1.207917
2024-07-12 14:52:13,1.208934
2024-07-12 14:52:13,1.209022
2024-07-12 14:52:14,1.214168
2024-07-12 14:52:14,1.210003
2024-07-12 14:52:14,1.210326
2024-07-12 14:52:14,1.210027
2024-07-12 14:52:14,1.212211
2024-07-12 14:52:14,1.208349
2024-07-12 14:52:14,1.212449
2024-07-12 14:52:14,1.213145
2024-07-12 14:52:14,1.214195
2024-07-12 14:52:15,1.215928
2024-07-12 14:52:15,1.217034
2024-07-12 14:52:15,1.217109
2024-07-12 14:52:15,1.22016
2024-07-12 14:52:15,1.220488
2024-07-12 14:52:15,1.218647
2024-07-12 14:52:15,1.219055
2024-07-12 14:52:15,1.215953
2024-07-12 14:52:15,1.219649
2024-07-12 14:52:15,1.226216
2024-07-12 14:52:16,1.224684
2024-07-12 14:52:16,1.223951
2024-07-12 14:52:16,1.227288
2024-07-12 14:52:16,1.229304
2024-07-12 14:52:16,1.225957
2024-07-12 14:52:16,1.232055
2024-07-12 14:52:16,1.231643
2024-07-12 14:52:16,1.227838
2024-07-12 14:52:16,1.224143
2024-07-12 14:52:16,1.231024
2024-07-12 14:52:17,1.23319
2024-07-12 14:52:17,1.23508
2024-07-12 14:52:17,1.231578
2024-07-12 14:52:17,1.231289
2024-07-12 14:52:17,1.234561
2024-07-12 14:52:17,1.230077
2024-07-12 14:52:17,1.232635
2024-07-12 14:52:17,1.229296
2024-07-12 14:52:17,1.230292
2024-07-12 14:52:18,1.23125
2024-07-12 14:52:18,1.229633
2024-07-12 14:52:18,1.231695
2024-07-12 14:52:18,1.230309
2024-07-12 14:52:18,1.228631
2024-07-12 14:52:18,1.237313
2024-07-12 14:52:18,1.234933
2024-07-12 14:52:18,1.234727
2024-07-12 14:52:18,1.233968
2024-07-12 14:52:18,1.235176
2024-07-12 14:52:19,1.239085
2024-07-12 14:52:19,1.237518
2024-07-12 14:52:19,1.237375
2024-07-12 14:52:19,1.235045
2024-07-12 14:52:19,1.233541
2024-07-12 14:52:19,1.239566
2024-07-12 14:52:19,1.239251
2024-07-12 14:52:19,1.239102
2024-07-12 14:52:19,1.234629
2024-07-12 14:52:19,1.233328
2024-07-12 14:52:20,1.233494
2024-07-12 14:52:20,1.23757
2024-07-12 14:52:20,1.238267
2024-07-12 14:52:20,1.240577
2024-07-12 14:52:20,1.240646
2024-07-12 14:52:20,1.240647
2024-07-12 14:52:20,1.233643
2024-07-12 14:52:20,1.236246
2024-07-12 14:52:20,1.241998
2024-07-12 14:52:21,1.242856
2024-07-12 14:52:21,1.240381
2024-07-12 14:52:21,1.240388
2024-07-12 14:52:21,1.240295
2024-07-12 14:52:21,1.240548
2024-07-12 14:52:21,1.238221
2024-07-12 14:52:21,1.24021
2024-07-12 14:52:21,1.241359
2024-07-12 14:52:21,1.242781
2024-07-12 14:52:21,1.240747
2024-07-12 14:52:22,1.240668
2024-07-12 14:52:22,1.241372
2024-07-12 14:52:22,1.241205
2024-07-12 14:52:22,1.241923
2024-07-12 14:52:22,1.240717
2024-07-12 14:52:22,1.241438
2024-07-12 14:52:22,1.242634
2024-07-12 14:52:22,1.241719
2024-07-12 14:52:22,1.247696
2024-07-12 14:52:23,1.243078
2024-07-12 14:52:23,1.247663
2024-07-12 14:52:23,1.237664
2024-07-12 14:52:23,1.240935
2024-07-12 14:52:23,1.247525
2024-07-12 14:52:23,1.241718
2024-07-12 14:52:23,1.246362
2024-07-12 14:52:23,1.244135
2024-07-12 14:52:23,1.250769
2024-07-12 14:52:23,1.252935
2024-07-12 14:52:24,1.250446
2024-07-12 14:52:24,1.251068
2024-07-12 14:52:24,1.248744
2024-07-12 14:52:24,1.24807
2024-07-12 14:52:24,1.248716
2024-07-12 14:52:24,1.245355
2024-07-12 14:52:24,1.250732
2024-07-12 14:52:24,1.254622
2024-07-12 14:52:24,1.24864
2024-07-12 14:52:24,1.254495
2024-07-12 14:52:25,1.253096
2024-07-12 14:52:25,1.255846
2024-07-12 14:52:25,1.253941
2024-07-12 14:52:25,1.257497
2024-07-12 14:52:25,1.256838
2024-07-12 14:52:25,1.256821
2024-07-12 14:52:25,1.262061
2024-07-12 14:52:25,1.256803
2024-07-12 14:52:25,1.256375
2024-07-12 14:52:26,1.257854
2024-07-12 14:52:26,1.256947
2024-07-12 14:52:26,1.259179
2024-07-12 14:52:26,1.259939
2024-07-12 14:52:26,1.260308
2024-07-12 14:52:26,1.256286
2024-07-12 14:52:26,1.260577
2024-07-12 14:52:26,1.255293
2024-07-12 14:52:26,1.25913
2024-07-12 14:52:27,1.260223
2024-07-12 14:52:27,1.259253
2024-07-12 14:52:27,1.256805
2024-07-12 14:52:27,1.254898
2024-07-12 14:52:27,1.260188
2024-07-12 14:52:27,1.256278
2024-07-12 14:52:27,1.265057
2024-07-12 14:52:27,1.257546
2024-07-12 14:52:27,1.2564
2024-07-12 14:52:27,1.255593
2024-07-12 14:52:28,1.261277
2024-07-12 14:52:28,1.261416
2024-07-12 14:52:28,1.263394
2024-07-12 14:52:28,1.259182
2024-07-12 14:52:28,1.267534
2024-07-12 14:52:28,1.263921
2024-07-12 14:52:28,1.264918
2024-07-12 14:52:28,1.266345
2024-07-12 14:52:28,1.265696
2024-07-12 14:52:29,1.264532
2024-07-12 14:52:29,1.265349
2024-07-12 14:52:29,1.264001
2024-07-12 14:52:29,1.262004
2024-07-12 14:52:29,1.264761
2024-07-12 14:52:29,1.26502
2024-07-12 14:52:29,1.267444
2024-07-12 14:52:29,1.264653
2024-07-12 14:52:29,1.266914
2024-07-12 14:52:29,1.270254
2024-07-12 14:52:30,1.266343
2024-07-12 14:52:30,1.274051
2024-07-12 14:52:30,1.272295
2024-07-12 14:52:30,1.271669
2024-07-12 14:52:30,1.273211
2024-07-12 14:52:30,1.273429
2024-07-12 14:52:30,1.27726
2024-07-12 14:52:30,1.272434
2024-07-12 14:52:30,1.274917
2024-07-12 14:52:30,1.27026
2024-07-12 14:52:31,1.270066
2024-07-12 14:52:31,1.27469
2024-07-12 14:52:31,1.272739
2024-07-12 14:52:31,1.279111
2024-07-12 14:52:31,1.267942
2024-07-12 14:52:31,1.273558
2024-07-12 14:52:31,1.274715
2024-07-12 14:52:31,1.275208
2024-07-12 14:52:31,1.274155
2024-07-12 14:52:31,1.276356
2024-07-12 14:52:32,1.273166
2024-07-12 14:52:32,1.27959
2024-07-12 14:52:32,1.27373
2024-07-12 14:52:32,1.279787
2024-07-12 14:52:32,1.279564
2024-07-12 14:52:32,1.279986
2024-07-12 14:52:32,1.281237
2024-07-12 14:52:32,1.27717
2024-07-12 14:52:32,1.277749
2024-07-12 14:52:32,1.27734
2024-07-12 14:52:33,1.279684
2024-07-12 14:52:33,1.276167
2024-07-12 14:52:33,1.282475
2024-07-12 14:52:33,1.285739
2024-07-12 14:52:33,1.281374
2024-07-12 14:52:33,1.284641
2024-07-12 14:52:33,1.280902
2024-07-12 14:52:33,1.283171
2024-07-12 14:52:33,1.283123
2024-07-12 14:52:34,1.28703
2024-07-12 14:52:34,1.283802
2024-07-12 14:52:34,1.278658
2024-07-12 14:52:34,1.28262
2024-07-12 14:52:34,1.281951
2024-07-12 14:52:34,1.286759
2024-07-12 14:52:34,1.283812
2024-07-12 14:52:34,1.284814
2024-07-12 14:52:34,1.282398
2024-07-12 14:52:34,1.279621
2024-07-12 14:52:35,1.291364
2024-07-12 14:52:35,1.284938
2024-07-12 14:52:35,1.279556
2024-07-12 14:52:35,1.283821
2024-07-12 14:52:35,1.286451
2024-07-12 14:52:35,1.287278
2024-07-12 14:52:35,1.287991
2024-07-12 14:52:35,1.286431
2024-07-12 14:52:35,1.287127
2024-07-12 14:52:35,1.289097
2024-07-12 14:52:36,1.291102
2024-07-12 14:52:36,1.289224
2024-07-12 14:52:36,1.287705
2024-07-12 14:52:36,1.293064
2024-07-12 14:52:36,1.28581
2024-07-12 14:52:36,1.284353
2024-07-12 14:52:36,1.285118
2024-07-12 14:52:36,1.287398
2024-07-12 14:52:36,1.287764
2024-07-12 14:52:37,1.283539
2024-07-12 14:52:37,1.289187
2024-07-12 14:52:37,1.289819
2024-07-12 14:52:37,1.289509
2024-07-12 14:52:37,1.286162
2024-07-12 14:52:37,1.293107
2024-07-12 14:52:37,1.293014
2024-07-12 14:52:37,1.284105
2024-07-12 14:52:37,1.28845
2024-07-12 14:52:37,1.289452
2024-07-12 14:52:38,1.286843
2024-07-12 14:52:38,1.291353
2024-07-12 14:52:38,1.288387
2024-07-12 14:52:38,1.290402
2024-07-12 14:52:38,1.288536
2024-07-12 14:52:38,1.294097
2024-07-12 14:52:38,1.292959
2024-07-12 14:52:38,1.293554
2024-07-12 14:52:38,1.289302
2024-07-12 14:52:38,1.286622
2024-07-12 14:52:39,1.286479
2024-07-12 14:52:39,1.291277
2024-07-12 14:52:39,1.289313
2024-07-12 14:52:39,1.288616
2024-07-12 14:52:39,1.290673
2024-07-12 14:52:39,1.289432
2024-07-12 14:52:39,1.284621
2024-07-12 14:52:39,1.291207
2024-07-12 14:52:39,1.286247
2024-07-12 14:52:40,1.28822
2024-07-12 14:52:40,1.286903
2024-07-12 14:52:40,1.296073
2024-07-12 14:52:40,1.294492
2024-07-12 14:52:40,1.29774
2024-07-12 14:52:40,1.29589
2024-07-12 14:52:40,1.293453
2024-07-12 14:52:40,1.297037
2024-07-12 14:52:40,1.292765
2024-07-12 14:52:40,1.294087
2024-07-12 14:52:41,1.298563
2024-07-12 14:52:41,1.292955
2024-07-12 14:52:41,1.293662
2024-07-12 14:52:41,1.294637
2024-07-12 14:52:41,1.289877
2024-07-12 14:52:41,1.294024
2024-07-12 14:52:41,1.297139
2024-07-12 14:52:41,1.294787
2024-07-12 14:52:41,1.297831
2024-07-12 14:52:41,1.291947
2024-07-12 14:52:42,1.291884
2024-07-12 14:52:42,1.294405
2024-07-12 14:52:42,1.29143
2024-07-12 14:52:42,1.289384
2024-07-12 14:52:42,1.293995
2024-07-12 14:52:42,1.292898
2024-07-12 14:52:42,1.289932
2024-07-12 14:52:42,1.292588
2024-07-12 14:52:42,1.28904
2024-07-12 14:52:42,1.291403
2024-07-12 14:52:43,1.292848
2024-07-12 14:52:43,1.299699
2024-07-12 14:52:43,1.297425
2024-07-12 14:52:43,1.297738
2024-07-12 14:52:43,1.296734
2024-07-12 14:52:43,1.301997
2024-07-12 14:52:43,1.300926
2024-07-12 14:52:43,1.302092
2024-07-12 14:52:43,1.301737
2024-07-12 14:52:44,1.298722
2024-07-12 14:52:44,1.297491
2024-07-12 14:52:44,1.296865
2024-07-12 14:52:44,1.289321
2024-07-12 14:52:44,1.299089
2024-07-12 14:52:44,1.297322
2024-07-12 14:52:44,1.30038
2024-07-12 14:52:44,1.295858
2024-07-12 14:52:44,1.298716
2024-07-12 14:52:44,1.300381
2024-07-12 14:52:45,1.301948
2024-07-12 14:52:45,1.303649
2024-07-12 14:52:45,1.300701
2024-07-12 14:52:45,1.298969
2024-07-12 14:52:45,1.295244
2024-07-12 14:52:45,1.296774
2024-07-12 14:52:45,1.298356
2024-07-12 14:52:45,1.299753
2024-07-12 14:52:45,1.300099
2024-07-12 14:52:45,1.301429
2024-07-12 14:52:46,1.296362
2024-07-12 14:52:46,1.295744
2024-07-12 14:52:46,1.300266
2024-07-12 14:52:46,1.301643
2024-07-12 14:52:46,1.296753
2024-07-12 14:52:46,1.30094
2024-07-12 14:52:46,1.296392
2024-07-12 14:52:46,1.296974
2024-07-12 14:52:46,1.300339
2024-07-12 14:52:47,1.2986
2024-07-12 14:52:47,1.30277
2024-07-12 14:52:47,1.300723
2024-07-12 14:52:47,1.302064
2024-07-12 14:52:47,1.300437
2024-07-12 14:52:47,1.299757
2024-07-12 14:52:47,1.294094
2024-07-12 14:52:47,1.297947
2024-07-12 14:52:47,1.297536
2024-07-12 14:52:47,1.298079
2024-07-12 14:52:48,1.294221
2024-07-12 14:52:48,1.294107
2024-07-12 14:52:48,1.296383
2024-07-12 14:52:48,1.292515
2024-07-12 14:52:48,1.295236
2024-07-12 14:52:48,1.29642
2024-07-12 14:52:48,1.29819
2024-07-12 14:52:48,1.298275
2024-07-12 14:52:48,1.294427
2024-07-12 14:52:48,1.29943
2024-07-12 14:52:49,1.298995
2024-07-12 14:52:49,1.298375
2024-07-12 14:52:49,1.299063
2024-07-12 14:52:49,1.297569
2024-07-12 14:52:49,1.297867
2024-07-12 14:52:49,1.29712
2024-07-12 14:52:49,1.294934
2024-07-12 14:52:49,1.288572
2024-07-12 14:52:49,1.291578
2024-07-12 14:52:50,1.299339
2024-07-12 14:52:50,1.293954
2024-07-12 14:52:50,1.297135
2024-07-12 14:52:50,1.29391
2024-07-12 14:52:50,1.293202
2024-07-12 14:52:50,1.294446
2024-07-12 14:52:50,1.291115
2024-07-12 14:52:50,1.291804
2024-07-12 14:52:50,1.294196
2024-07-12 14:52:50,1.292056
2024-07-12 14:52:51,1.291886
2024-07-12 14:52:51,1.284178
2024-07-12 14:52:51,1.292825
2024-07-12 14:52:51,1.286086
2024-07-12 14:52:51,1.291973
2024-07-12 14:52:51,1.292098
2024-07-12 14:52:51,1.284239
2024-07-12 14:52:51,1.288328
2024-07-12 14:52:51,1.29247
2024-07-12 14:52:52,1.289266
2024-07-12 14:52:52,1.286162
2024-07-12 14:52:52,1.289695
2024-07-12 14:52:52,1.291983
2024-07-12 14:52:52,1.288428
2024-07-12 14:52:52,1.291996
2024-07-12 14:52:52,1.290875
2024-07-12 14:52:52,1.291248
2024-07-12 14:52:52,1.29227
2024-07-12 14:52:53,1.288091
2024-07-12 14:52:53,1.297332
2024-07-12 14:52:53,1.293402
2024-07-12 14:52:53,1.293653
2024-07-12 14:52:53,1.297163
2024-07-12 14:52:53,1.293681
2024-07-12 14:52:53,1.293692
2024-07-12 14:52:53,1.292341
2024-07-12 14:52:53,1.290903
2024-07-12 14:52:53,1.289708
2024-07-12 14:52:54,1.288916
2024-07-12 14:52:54,1.286926
2024-07-12 14:52:54,1.279037
2024-07-12 14:52:54,1.285081
2024-07-12 14:52:54,1.289362
2024-07-12 14:52:54,1.28918
2024-07-12 14:52:54,1.292868
2024-07-12 14:52:54,1.292
2024-07-12 14:52:54,1.286245
2024-07-12 14:52:54,1.287111
2024-07-12 14:52:55,1.285434
2024-07-12 14:52:55,1.284061
2024-07-12 14:52:55,1.286598
2024-07-12 14:52:55,1.286641
2024-07-12 14:52:55,1.285822
2024-07-12 14:52:55,1.289357
2024-07-12 14:52:55,1.290011
2024-07-12 14:52:55,1.282993
2024-07-12 14:52:55,1.286182
2024-07-12 14:52:56,1.286307
2024-07-12 14:52:56,1.289779
2024-07-12 14:52:56,1.29418
2024-07-12 14:52:56,1.297069
2024-07-12 14:52:56,1.29497
2024-07-12 14:52:56,1.295311
2024-07-12 14:52:56,1.302531
2024-07-12 14:52:56,1.301415
2024-07-12 14:52:56,1.304766
2024-07-12 14:52:56,1.304207
2024-07-12 14:52:57,1.302957
2024-07-12 14:52:57,1.301604
2024-07-12 14:52:57,1.291538
2024-07-12 14:52:57,1.298333
2024-07-12 14:52:57,1.300477
2024-07-12 14:52:57,1.299648
2024-07-12 14:52:57,1.297333
2024-07-12 14:52:57,1.306833
2024-07-12 14:52:57,1.302764
2024-07-12 14:52:57,1.305067
2024-07-12 14:52:58,1.306896
2024-07-12 14:52:58,1.30281
2024-07-12 14:52:58,1.300431
2024-07-12 14:52:58,1.304103
2024-07-12 14:52:58,1.306072
2024-07-12 14:52:58,1.304037
2024-07-12 14:52:58,1.303982
2024-07-12 14:52:58,1.304869
2024-07-12 14:52:58,1.309349
2024-07-12 14:52:59,1.298969
2024-07-12 14:52:59,1.306635
2024-07-12 14:52:59,1.317428
2024-07-12 14:52:59,1.320348
2024-07-12 14:52:59,1.320828
2024-07-12 14:52:59,1.318956
2024-07-12 14:52:59,1.331773
2024-07-12 14:52:59,1.337084
2024-07-12 14:52:59,1.328401
2024-07-12 14:52:59,1.312028
2024-07-12 14:53:00,1.309175
2024-07-12 14:53:00,1.305442
2024-07-12 14:53:00,1.309117
2024-07-12 14:53:00,1.308598
2024-07-12 14:53:00,1.310922
2024-07-12 14:53:00,1.30305
2024-07-12 14:53:00,1.303711
2024-07-12 14:53:00,1.313802
2024-07-12 14:53:00,1.326857
2024-07-12 14:53:01,1.329506
2024-07-12 14:53:01,1.334513
2024-07-12 14:53:01,1.333109
2024-07-12 14:53:01,1.34022
2024-07-12 14:53:01,1.347876
2024-07-12 14:53:01,1.355551
2024-07-12 14:53:01,1.354008
2024-07-12 14:53:01,1.354887
2024-07-12 14:53:01,1.348525
2024-07-12 14:53:01,1.350966
2024-07-12 14:53:02,1.346272
2024-07-12 14:53:02,1.352598
2024-07-12 14:53:02,1.351537
2024-07-12 14:53:02,1.351264
2024-07-12 14:53:02,1.346525
2024-07-12 14:53:02,1.349401
2024-07-12 14:53:02,1.347662
2024-07-12 14:53:02,1.348269
2024-07-12 14:53:02,1.349864
2024-07-12 14:53:03,1.347273
2024-07-12 14:53:03,1.352661
2024-07-12 14:53:03,1.35161
2024-07-12 14:53:03,1.352821
2024-07-12 14:53:03,1.353754
2024-07-12 14:53:03,1.351547
2024-07-12 14:53:03,1.354091
2024-07-12 14:53:03,1.347466
2024-07-12 14:53:03,1.34576
2024-07-12 14:53:03,1.34328
2024-07-12 14:53:04,1.343861
2024-07-12 14:53:04,1.341047
2024-07-12 14:53:04,1.342794
2024-07-12 14:53:04,1.339639
2024-07-12 14:53:04,1.341377
2024-07-12 14:53:04,1.338395
2024-07-12 14:53:04,1.337012
2024-07-12 14:53:04,1.333479
2024-07-12 14:53:04,1.340898
2024-07-12 14:53:05,1.34267
2024-07-12 14:53:05,1.345508
2024-07-12 14:53:05,1.34468
2024-07-12 14:53:05,1.334719
2024-07-12 14:53:05,0.1496418
2024-07-12 14:53:05,0.05434769
2024-07-12 14:53:05,0.04968692
2024-07-12 14:53:05,0.04629659
2024-07-12 14:53:05,0.0437994
2024-07-12 14:53:05,0.04196049
2024-07-12 14:53:06,0.04059172
2024-07-12 14:53:06,0.03947723
2024-07-12 14:53:06,0.03850777
2024-07-12 14:53:06,0.03761013
2024-07-12 14:53:06,0.03684367
2024-07-12 14:53:06,0.03618524
2024-07-12 14:53:06,0.03550622
2024-07-12 14:53:06,0.03494297
2024-07-12 14:53:06,0.03430936
2024-07-12 14:53:06,0.03375156
2024-07-12 14:53:07,0.03324718
2024-07-12 14:53:07,0.03270772
2024-07-12 14:53:07,0.03214329
2024-07-12 14:53:07,0.03161435
2024-07-12 14:53:07,0.03115641
2024-07-12 14:53:07,0.03071416
2024-07-12 14:53:07,0.0302626
2024-07-12 14:53:07,0.02980802
2024-07-12 14:53:07,0.02938892
2024-07-12 14:53:08,0.0289868
2024-07-12 14:53:08,0.02858413
2024-07-12 14:53:08,0.02817492
2024-07-12 14:53:08,0.02779648
2024-07-12 14:53:08,0.02740414
2024-07-12 14:53:08,0.02705565
2024-07-12 14:53:08,0.02673306
2024-07-12 14:53:08,0.0264148
2024-07-12 14:53:08,0.02611643
2024-07-12 14:53:08,0.02582966
2024-07-12 14:53:09,0.02554931
2024-07-12 14:53:09,0.02525679
2024-07-12 14:53:09,0.0249773
2024-07-12 14:53:09,0.02469442
2024-07-12 14:53:09,0.0244523
2024-07-12 14:53:09,0.02419541
2024-07-12 14:53:09,0.02395125
2024-07-12 14:53:09,0.02371884
2024-07-12 14:53:09,0.02348029
2024-07-12 14:53:09,0.02326466
2024-07-12 14:53:10,0.02305004
2024-07-12 14:53:10,0.02285072
2024-07-12 14:53:10,0.02264379
2024-07-12 14:53:10,0.02254388
2024-07-12 14:53:10,0.02234142
2024-07-12 14:53:10,0.02214383
2024-07-12 14:53:10,0.02194123
2024-07-12 14:53:10,0.02177453
2024-07-12 14:53:10,0.02160431
2024-07-12 14:53:11,0.02141549
2024-07-12 14:53:11,0.02124832
2024-07-12 14:53:11,0.02106945
2024-07-12 14:53:11,0.02088411
2024-07-12 14:53:11,0.02071386
2024-07-12 14:53:11,0.02052902
2024-07-12 14:53:11,0.02033752
2024-07-12 14:53:11,0.02017201
2024-07-12 14:53:11,0.02000483
2024-07-12 14:53:11,0.01984599
2024-07-12 14:53:12,0.0196876
2024-07-12 14:53:12,0.01952563
2024-07-12 14:53:12,0.01937666
2024-07-12 14:53:12,0.01921466
2024-07-12 14:53:12,0.01906229
2024-07-12 14:53:12,0.01893418
2024-07-12 14:53:12,0.01878392
2024-07-12 14:53:12,0.01864782
2024-07-12 14:53:12,0.01852654
2024-07-12 14:53:13,0.01838171
2024-07-12 14:53:13,0.01825343
2024-07-12 14:53:13,0.01814319
2024-07-12 14:53:13,0.01801926
2024-07-12 14:53:13,0.01790994
2024-07-12 14:53:13,0.01779783
2024-07-12 14:53:13,0.01767528
2024-07-12 14:53:13,0.0175719
2024-07-12 14:53:13,0.01744693
2024-07-12 14:53:13,0.01734912
2024-07-12 14:53:14,0.0172357
2024-07-12 14:53:14,0.01714447
2024-07-12 14:53:14,0.01703714
2024-07-12 14:53:14,0.01693325
2024-07-12 14:53:14,0.01683097
2024-07-12 14:53:14,0.01673849
2024-07-12 14:53:14,0.01665417
2024-07-12 14:53:14,0.016562
2024-07-12 14:53:14,0.01647501
2024-07-12 14:53:14,0.01641362
2024-07-12 14:53:15,0.01632071
2024-07-12 14:53:15,0.01622176
2024-07-12 14:53:15,0.01613918
2024-07-12 14:53:15,0.016047
2024-07-12 14:53:15,0.0159841
2024-07-12 14:53:15,0.01590349
2024-07-12 14:53:15,0.01582777
2024-07-12 14:53:15,0.01574827
2024-07-12 14:53:15,0.01567485
2024-07-12 14:53:16,0.01560364
2024-07-12 14:53:16,0.01553954
2024-07-12 14:53:16,0.01547092
2024-07-12 14:53:16,0.01539561
2024-07-12 14:53:16,0.01533284
2024-07-12 14:53:16,0.01526578
2024-07-12 14:53:16,0.01520078
2024-07-12 14:53:16,0.01513733
2024-07-12 14:53:16,0.01505746
2024-07-12 14:53:16,0.01498877
2024-07-12 14:53:17,0.01491268
2024-07-12 14:53:17,0.01484581
2024-07-12 14:53:17,0.01477606
2024-07-12 14:53:17,0.0147177
2024-07-12 14:53:17,0.0146517
2024-07-12 14:53:17,0.01459184
2024-07-12 14:53:17,0.01453668
2024-07-12 14:53:17,0.01448042
2024-07-12 14:53:17,0.01442673
2024-07-12 14:53:17,0.01436371
2024-07-12 14:53:18,0.01431052
2024-07-12 14:53:18,0.01424895
2024-07-12 14:53:18,0.01418489
2024-07-12 14:53:18,0.01412372
2024-07-12 14:53:18,0.01406917
2024-07-12 14:53:18,0.0140204
2024-07-12 14:53:18,0.01396173
2024-07-12 14:53:18,0.0139094
2024-07-12 14:53:18,0.01385786
2024-07-12 14:53:19,0.0137958
2024-07-12 14:53:19,0.01374802
2024-07-12 14:53:19,0.01370086
2024-07-12 14:53:19,0.01365657
2024-07-12 14:53:19,0.01361168
2024-07-12 14:53:19,0.01356286
2024-07-12 14:53:19,0.01350672
2024-07-12 14:53:19,0.01346287
2024-07-12 14:53:19,0.0134086
2024-07-12 14:53:19,0.01335162
2024-07-12 14:53:20,0.01330176
2024-07-12 14:53:20,0.01325351
2024-07-12 14:53:20,0.01320471
2024-07-12 14:53:20,0.01315525
2024-07-12 14:53:20,0.01310937
2024-07-12 14:53:20,0.013069
2024-07-12 14:53:20,0.01301136
2024-07-12 14:53:20,0.01296158
2024-07-12 14:53:20,0.01291413
2024-07-12 14:53:21,0.01286789
2024-07-12 14:53:21,0.012827
2024-07-12 14:53:21,0.01277741
2024-07-12 14:53:21,0.01273613
2024-07-12 14:53:21,0.01268602
2024-07-12 14:53:21,0.01264027
2024-07-12 14:53:21,0.01259823
2024-07-12 14:53:21,0.0125549
2024-07-12 14:53:21,0.01250738
2024-07-12 14:53:21,0.01246283
2024-07-12 14:53:22,0.01241647
2024-07-12 14:53:22,0.01235451
2024-07-12 14:53:22,0.0123184
2024-07-12 14:53:22,0.01227451
2024-07-12 14:53:22,0.01223625
2024-07-12 14:53:22,0.01219279
2024-07-12 14:53:22,0.01215307
2024-07-12 14:53:22,0.01210215
2024-07-12 14:53:22,0.01205463
2024-07-12 14:53:22,0.01199742
2024-07-12 14:53:23,0.01194638
2024-07-12 14:53:23,0.01189984
2024-07-12 14:53:23,0.01185323
2024-07-12 14:53:23,0.01181389
2024-07-12 14:53:23,0.01176218
2024-07-12 14:53:23,0.01171489
2024-07-12 14:53:23,0.01166787
2024-07-12 14:53:23,0.01162289
2024-07-12 14:53:23,0.0115747
2024-07-12 14:53:24,0.01153421
2024-07-12 14:53:24,0.01149635
2024-07-12 14:53:24,0.01145841
2024-07-12 14:53:24,0.0114131
2024-07-12 14:53:24,0.011381
2024-07-12 14:53:24,0.01134105
2024-07-12 14:53:24,0.01129896
2024-07-12 14:53:24,0.0112573
2024-07-12 14:53:24,0.01122388
2024-07-12 14:53:24,0.01118594
2024-07-12 14:53:25,0.01114547
2024-07-12 14:53:25,0.01110856
2024-07-12 14:53:25,0.01106926
2024-07-12 14:53:25,0.01103534
2024-07-12 14:53:25,0.01099813
2024-07-12 14:53:25,0.0109644
2024-07-12 14:53:25,0.01092943
2024-07-12 14:53:25,0.01089652
2024-07-12 14:53:25,0.01085806
2024-07-12 14:53:26,0.01082588
2024-07-12 14:53:26,0.01078818
2024-07-12 14:53:26,0.0107573
2024-07-12 14:53:26,0.01072687
2024-07-12 14:53:26,0.01069163
2024-07-12 14:53:26,0.01065914
2024-07-12 14:53:26,0.0106221
2024-07-12 14:53:26,0.01058375
2024-07-12 14:53:26,0.01055649
2024-07-12 14:53:26,0.01052267
2024-07-12 14:53:27,0.01048901
2024-07-12 14:53:27,0.01045799
2024-07-12 14:53:27,0.01042792
2024-07-12 14:53:27,0.01039328
2024-07-12 14:53:27,0.01036377
2024-07-12 14:53:27,0.01033019
2024-07-12 14:53:27,0.01030793
2024-07-12 14:53:27,0.01026991
2024-07-12 14:53:27,0.01023441
2024-07-12 14:53:28,0.01020006
2024-07-12 14:53:28,0.01016619
2024-07-12 14:53:28,0.01013255
2024-07-12 14:53:28,0.01010154
2024-07-12 14:53:28,0.01007056
2024-07-12 14:53:28,0.01004291
2024-07-12 14:53:28,0.01001038
2024-07-12 14:53:28,0.00997554
2024-07-12 14:53:28,0.009951586
2024-07-12 14:53:28,0.00992692
2024-07-12 14:53:29,0.009895113
2024-07-12 14:53:29,0.009863523
2024-07-12 14:53:29,0.009834277
2024-07-12 14:53:29,0.009805722
2024-07-12 14:53:29,0.009777403
2024-07-12 14:53:29,0.009751765
2024-07-12 14:53:29,0.009725405
2024-07-12 14:53:29,0.009696949
2024-07-12 14:53:29,0.009670519
2024-07-12 14:53:30,0.00964024
2024-07-12 14:53:30,0.009611029
2024-07-12 14:53:30,0.009585613
2024-07-12 14:53:30,0.009560742
2024-07-12 14:53:30,0.009532199
2024-07-12 14:53:30,0.009505572
2024-07-12 14:53:30,0.009478898
2024-07-12 14:53:30,0.009454837
2024-07-12 14:53:30,0.009433462
2024-07-12 14:53:30,0.009404059
2024-07-12 14:53:31,0.009374809
2024-07-12 14:53:31,0.009347085
2024-07-12 14:53:31,0.00931988
2024-07-12 14:53:31,0.009294758
2024-07-12 14:53:31,0.009270159
2024-07-12 14:53:31,0.009246866
2024-07-12 14:53:31,0.009221883
2024-07-12 14:53:31,0.009197035
2024-07-12 14:53:31,0.009188893
2024-07-12 14:53:32,0.00916837
2024-07-12 14:53:32,0.009138094
2024-07-12 14:53:32,0.009112499
2024-07-12 14:53:32,0.009083788
2024-07-12 14:53:32,0.009056594
2024-07-12 14:53:32,0.009030479
2024-07-12 14:53:32,0.009015946
2024-07-12 14:53:32,0.008991403
2024-07-12 14:53:32,0.008967936
2024-07-12 14:53:32,0.00894559
2024-07-12 14:53:33,0.008921705
2024-07-12 14:53:33,0.008900232
2024-07-12 14:53:33,0.00887384
2024-07-12 14:53:33,0.008851384
2024-07-12 14:53:33,0.008826204
2024-07-12 14:53:33,0.008805488
2024-07-12 14:53:33,0.008785165
2024-07-12 14:53:33,0.008761386
2024-07-12 14:53:33,0.008740169
2024-07-12 14:53:33,0.008717133
2024-07-12 14:53:34,0.008695652
2024-07-12 14:53:34,0.008669818
2024-07-12 14:53:34,0.008652563
2024-07-12 14:53:34,0.008637714
2024-07-12 14:53:34,0.008612062
2024-07-12 14:53:34,0.00858556
2024-07-12 14:53:34,0.008561716
2024-07-12 14:53:34,0.008539893
2024-07-12 14:53:34,0.008519632
2024-07-12 14:53:34,0.008501382
2024-07-12 14:53:35,0.008478751
2024-07-12 14:53:35,0.008458881
2024-07-12 14:53:35,0.008439704
2024-07-12 14:53:35,0.008419188
2024-07-12 14:53:35,0.008396741
2024-07-12 14:53:35,0.008379151
2024-07-12 14:53:35,0.008357772
2024-07-12 14:53:35,0.008334532
2024-07-12 14:53:35,0.008311796
2024-07-12 14:53:36,0.008292064
2024-07-12 14:53:36,0.008270452
2024-07-12 14:53:36,0.008250633
2024-07-12 14:53:36,0.008230631
2024-07-12 14:53:36,0.008210922
2024-07-12 14:53:36,0.008189889
2024-07-12 14:53:36,0.00817042
2024-07-12 14:53:36,0.008153105
2024-07-12 14:53:36,0.008136552
2024-07-12 14:53:36,0.008117024
2024-07-12 14:53:37,0.008100352
2024-07-12 14:53:37,0.008077411
2024-07-12 14:53:37,0.008057382
2024-07-12 14:53:37,0.008039481
2024-07-12 14:53:37,0.008020001
2024-07-12 14:53:37,0.008002077
2024-07-12 14:53:37,0.0079813
2024-07-12 14:53:37,0.007960932
2024-07-12 14:53:37,0.007942351
2024-07-12 14:53:38,0.007922086
2024-07-12 14:53:38,0.007897887
2024-07-12 14:53:38,0.007877993
2024-07-12 14:53:38,0.007861536
2024-07-12 14:53:38,0.00783724
2024-07-12 14:53:38,0.007824424
2024-07-12 14:53:38,0.00780518
2024-07-12 14:53:38,0.007783568
2024-07-12 14:53:38,0.007760653
2024-07-12 14:53:38,0.007738482
2024-07-12 14:53:39,0.007720526
2024-07-12 14:53:39,0.007702249
2024-07-12 14:53:39,0.00768406
2024-07-12 14:53:39,0.00766091
2024-07-12 14:53:39,0.007644423
2024-07-12 14:53:39,0.00762584
2024-07-12 14:53:39,0.007615886
2024-07-12 14:53:39,0.00759379
2024-07-12 14:53:39,0.007574007
2024-07-12 14:53:39,0.007554208
2024-07-12 14:53:40,0.007535814
2024-07-12 14:53:40,0.007516648
2024-07-12 14:53:40,0.007498479
2024-07-12 14:53:40,0.007481918
2024-07-12 14:53:40,0.007464242
2024-07-12 14:53:40,0.007447584
2024-07-12 14:53:40,0.007432401
2024-07-12 14:53:40,0.007414033
2024-07-12 14:53:40,0.007395683
2024-07-12 14:53:41,0.007377334
2024-07-12 14:53:41,0.007360694
2024-07-12 14:53:41,0.007341667
2024-07-12 14:53:41,0.007324233
2024-07-12 14:53:41,0.00731158
2024-07-12 14:53:41,0.007290202
2024-07-12 14:53:41,0.007267456
2024-07-12 14:53:41,0.007252262
2024-07-12 14:53:41,0.007232645
2024-07-12 14:53:41,0.007219167
2024-07-12 14:53:42,0.007200853
2024-07-12 14:53:42,0.00718344
2024-07-12 14:53:42,0.00716414
2024-07-12 14:53:42,0.007147543
2024-07-12 14:53:42,0.007133382
2024-07-12 14:53:42,0.007111639
2024-07-12 14:53:42,0.007092322
2024-07-12 14:53:42,0.007079009
2024-07-12 14:53:42,0.007060343
2024-07-12 14:53:43,0.00704389
2024-07-12 14:53:43,0.007025566
2024-07-12 14:53:43,0.007008415
2024-07-12 14:53:43,0.006994334
2024-07-12 14:53:43,0.006975875
2024-07-12 14:53:43,0.006959714
2024-07-12 14:53:43,0.006951379
2024-07-12 14:53:43,0.006941292
2024-07-12 14:53:43,0.006929828
2024-07-12 14:53:43,0.006903713
2024-07-12 14:53:44,0.006877263
2024-07-12 14:53:44,0.006862706
2024-07-12 14:53:44,0.006844889
2024-07-12 14:53:44,0.006825291
2024-07-12 14:53:44,0.006808314
2024-07-12 14:53:44,0.006792865
2024-07-12 14:53:44,0.00677588
2024-07-12 14:53:44,0.006762487
2024-07-12 14:53:44,0.006741368
2024-07-12 14:53:45,0.006724671
2024-07-12 14:53:45,0.006710613
2024-07-12 14:53:45,0.006692555
2024-07-12 14:53:45,0.006674872
2024-07-12 14:53:45,0.006658247
2024-07-12 14:53:45,0.006640798
2024-07-12 14:53:45,0.006624387
2024-07-12 14:53:45,0.006610092
2024-07-12 14:53:45,0.006594032
2024-07-12 14:53:45,0.006577893
2024-07-12 14:53:46,0.006560667
2024-07-12 14:53:46,0.006545169
2024-07-12 14:53:46,0.006529916
2024-07-12 14:53:46,0.00651193
2024-07-12 14:53:46,0.006496098
2024-07-12 14:53:46,0.006481706
2024-07-12 14:53:46,0.006466176
2024-07-12 14:53:46,0.006451894
2024-07-12 14:53:46,0.006434565
2024-07-12 14:53:47,0.006416283
2024-07-12 14:53:47,0.00640148
2024-07-12 14:53:47,0.00638744
2024-07-12 14:53:47,0.006367318
2024-07-12 14:53:47,0.006347565
2024-07-12 14:53:47,0.006331191
2024-07-12 14:53:47,0.006314269
2024-07-12 14:53:47,0.006301782
2024-07-12 14:53:47,0.006284319
2024-07-12 14:53:47,0.006269445
2024-07-12 14:53:48,0.006253089
2024-07-12 14:53:48,0.00623697
2024-07-12 14:53:48,0.006221997
2024-07-12 14:53:48,0.006206442
2024-07-12 14:53:48,0.00619037
2024-07-12 14:53:48,0.006174743
2024-07-12 14:53:48,0.006167813
2024-07-12 14:53:48,0.00614992
2024-07-12 14:53:48,0.006133128
2024-07-12 14:53:49,0.006117513
2024-07-12 14:53:49,0.006100922
2024-07-12 14:53:49,0.006085069
2024-07-12 14:53:49,0.006074793
2024-07-12 14:53:49,0.006059397
2024-07-12 14:53:49,0.006042018
2024-07-12 14:53:49,0.006024892
2024-07-12 14:53:49,0.006010872
2024-07-12 14:53:49,0.005998288
2024-07-12 14:53:49,0.005983569
2024-07-12 14:53:50,0.005969078
2024-07-12 14:53:50,0.005954142
2024-07-12 14:53:50,0.005937686
2024-07-12 14:53:50,0.005921045
2024-07-12 14:53:50,0.005907587
2024-07-12 14:53:50,0.005893195
2024-07-12 14:53:50,0.005879339
2024-07-12 14:53:50,0.005862631
2024-07-12 14:53:50,0.005846097
2024-07-12 14:53:51,0.005826484
2024-07-12 14:53:51,0.005811069
2024-07-12 14:53:51,0.005801358
2024-07-12 14:53:51,0.005790122
2024-07-12 14:53:51,0.005778275
2024-07-12 14:53:51,0.005759121
2024-07-12 14:53:51,0.005743982
2024-07-12 14:53:51,0.005728514
2024-07-12 14:53:51,0.005713584
2024-07-12 14:53:51,0.0056958
2024-07-12 14:53:52,0.00568375
2024-07-12 14:53:52,0.005670513
2024-07-12 14:53:52,0.005657292
2024-07-12 14:53:52,0.005643449
2024-07-12 14:53:52,0.005627521
2024-07-12 14:53:52,0.005613816
2024-07-12 14:53:52,0.005598719
2024-07-12 14:53:52,0.005583285
2024-07-12 14:53:52,0.005568309
2024-07-12 14:53:52,0.005561438
2024-07-12 14:53:53,0.005548184
2024-07-12 14:53:53,0.005533838
2024-07-12 14:53:53,0.005521981
2024-07-12 14:53:53,0.005507884
2024-07-12 14:53:53,0.00549378
2024-07-12 14:53:53,0.005479344
2024-07-12 14:53:53,0.005465642
2024-07-12 14:53:53,0.005451495
2024-07-12 14:53:53,0.005437567
2024-07-12 14:53:54,0.005422154
2024-07-12 14:53:54,0.005408331
2024-07-12 14:53:54,0.005395583
2024-07-12 14:53:54,0.005383777
2024-07-12 14:53:54,0.005363463
2024-07-12 14:53:54,0.005350998
2024-07-12 14:53:54,0.005342289
2024-07-12 14:53:54,0.005327407
2024-07-12 14:53:54,0.005313014
2024-07-12 14:53:54,0.005300815
2024-07-12 14:53:55,0.005287348
2024-07-12 14:53:55,0.005274818
2024-07-12 14:53:55,0.005262445
2024-07-12 14:53:55,0.00524773
2024-07-12 14:53:55,0.005235217
2024-07-12 14:53:55,0.00522722
2024-07-12 14:53:55,0.005211434
2024-07-12 14:53:55,0.005196166
2024-07-12 14:53:55,0.005183361
2024-07-12 14:53:56,0.005170633
2024-07-12 14:53:56,0.005156693
2024-07-12 14:53:56,0.005142252
2024-07-12 14:53:56,0.005128351
2024-07-12 14:53:56,0.005115299
2024-07-12 14:53:56,0.005101079
2024-07-12 14:53:56,0.00508871
2024-07-12 14:53:56,0.005075903
2024-07-12 14:53:56,0.005063489
2024-07-12 14:53:56,0.005052151
2024-07-12 14:53:57,0.005040061
2024-07-12 14:53:57,0.005027677
2024-07-12 14:53:57,0.005016242
2024-07-12 14:53:57,0.005003334
2024-07-12 14:53:57,0.004990686
2024-07-12 14:53:57,0.004978856
2024-07-12 14:53:57,0.004969041
2024-07-12 14:53:57,0.004955469
2024-07-12 14:53:57,0.004943431
2024-07-12 14:53:58,0.004932353
2024-07-12 14:53:58,0.004919457
2024-07-12 14:53:58,0.004906898
2024-07-12 14:53:58,0.004893761
2024-07-12 14:53:58,0.00488273
2024-07-12 14:53:58,0.004871481
2024-07-12 14:53:58,0.004858095
2024-07-12 14:53:58,0.004845296
2024-07-12 14:53:58,0.00483378
2024-07-12 14:53:58,0.00482216
2024-07-12 14:53:59,0.004811268
2024-07-12 14:53:59,0.004798341
2024-07-12 14:53:59,0.004786402
2024-07-12 14:53:59,0.004772388
2024-07-12 14:53:59,0.004764302
2024-07-12 14:53:59,0.004749113
2024-07-12 14:53:59,0.004735582
2024-07-12 14:53:59,0.004726815
2024-07-12 14:53:59,0.004713141
2024-07-12 14:54:00,0.004701997
2024-07-12 14:54:00,0.004689578
2024-07-12 14:54:00,0.004677353
2024-07-12 14:54:00,0.004664948
2024-07-12 14:54:00,0.004651192
2024-07-12 14:54:00,0.004639419
2024-07-12 14:54:00,0.004627948
2024-07-12 14:54:00,0.004617162
2024-07-12 14:54:00,0.004605792
2024-07-12 14:54:00,0.004594544
2024-07-12 14:54:01,0.004583627
2024-07-12 14:54:01,0.004572587
2024-07-12 14:54:01,0.004559465
2024-07-12 14:54:01,0.00455084
2024-07-12 14:54:01,0.004539621
2024-07-12 14:54:01,0.004528113
2024-07-12 14:54:01,0.004517605
2024-07-12 14:54:01,0.004507263
2024-07-12 14:54:01,0.00449545
2024-07-12 14:54:02,0.004484245
2024-07-12 14:54:02,0.004469091
2024-07-12 14:54:02,0.004457866
2024-07-12 14:54:02,0.004446617
2024-07-12 14:54:02,0.004439788
2024-07-12 14:54:02,0.004427553
2024-07-12 14:54:02,0.004416211
2024-07-12 14:54:02,0.004404443
2024-07-12 14:54:02,0.004393915
2024-07-12 14:54:02,0.004382404
2024-07-12 14:54:03,0.004372189
2024-07-12 14:54:03,0.004361414
2024-07-12 14:54:03,0.004351926
2024-07-12 14:54:03,0.004341213
2024-07-12 14:54:03,0.004330464
2024-07-12 14:54:03,0.004317946
2024-07-12 14:54:03,0.004306244
2024-07-12 14:54:03,0.004293396
2024-07-12 14:54:03,0.004282133
2024-07-12 14:54:03,0.004271011
2024-07-12 14:54:04,0.004259857
2024-07-12 14:54:04,0.004248079
2024-07-12 14:54:04,0.004236408
2024-07-12 14:54:04,0.004224794
2024-07-12 14:54:04,0.004213061
2024-07-12 14:54:04,0.004201597
2024-07-12 14:54:04,0.004188706
2024-07-12 14:54:04,0.004177058
2024-07-12 14:54:04,0.004164624
2024-07-12 14:54:05,0.00415183
2024-07-12 14:54:05,0.004139789
2024-07-12 14:54:05,0.004127582
2024-07-12 14:54:05,0.004116284
2024-07-12 14:54:05,0.004104521
2024-07-12 14:54:05,0.004093632
2024-07-12 14:54:05,0.004083761
2024-07-12 14:54:05,0.004076072
2024-07-12 14:54:05,0.00406552
2024-07-12 14:54:05,0.004054255
2024-07-12 14:54:06,0.004042864
2024-07-12 14:54:06,0.004032481
2024-07-12 14:54:06,0.004020271
2024-07-12 14:54:06,0.004009097
2024-07-12 14:54:06,0.003997432
2024-07-12 14:54:06,0.003987407
2024-07-12 14:54:06,0.003973545
2024-07-12 14:54:06,0.003962878
2024-07-12 14:54:06,0.003951323
2024-07-12 14:54:06,0.003939863
2024-07-12 14:54:07,0.003928693
2024-07-12 14:54:07,0.003917722
2024-07-12 14:54:07,0.003905305
2024-07-12 14:54:07,0.003891631
2024-07-12 14:54:07,0.003881799
2024-07-12 14:54:07,0.003870263
2024-07-12 14:54:07,0.003857118
2024-07-12 14:54:07,0.003846185
2024-07-12 14:54:07,0.003833598
2024-07-12 14:54:08,0.003821586
2024-07-12 14:54:08,0.003809094
2024-07-12 14:54:08,0.003795914
2024-07-12 14:54:08,0.003789392
2024-07-12 14:54:08,0.003777657
2024-07-12 14:54:08,0.003765025
2024-07-12 14:54:08,0.003752589
2024-07-12 14:54:08,0.003741514
2024-07-12 14:54:08,0.003732144
2024-07-12 14:54:08,0.003723161
2024-07-12 14:54:09,0.003711835
2024-07-12 14:54:09,0.003694504
2024-07-12 14:54:09,0.003679457
2024-07-12 14:54:09,0.003667929
2024-07-12 14:54:09,0.003656938
2024-07-12 14:54:09,0.003646502
2024-07-12 14:54:09,0.003634116
2024-07-12 14:54:09,0.003621998
2024-07-12 14:54:09,0.003610366
2024-07-12 14:54:10,0.003596981
2024-07-12 14:54:10,0.003585917
2024-07-12 14:54:10,0.003572919
2024-07-12 14:54:10,0.003561008
2024-07-12 14:54:10,0.00354957
2024-07-12 14:54:10,0.003538688
2024-07-12 14:54:10,0.003525491
2024-07-12 14:54:10,0.003513516
2024-07-12 14:54:10,0.003500769
2024-07-12 14:54:10,0.003488933
2024-07-12 14:54:11,0.003476804
2024-07-12 14:54:11,0.003464449
2024-07-12 14:54:11,0.003453838
2024-07-12 14:54:11,0.00344262
2024-07-12 14:54:11,0.003428157
2024-07-12 14:54:11,0.003416007
2024-07-12 14:54:11,0.003404497
2024-07-12 14:54:11,0.003391245
2024-07-12 14:54:11,0.00337867
2024-07-12 14:54:11,0.003365453
2024-07-12 14:54:12,0.003352262
2024-07-12 14:54:12,0.003339752
2024-07-12 14:54:12,0.003328412
2024-07-12 14:54:12,0.003315268
2024-07-12 14:54:12,0.003304004
2024-07-12 14:54:12,0.00329157
2024-07-12 14:54:12,0.003279097
2024-07-12 14:54:12,0.00326753
2024-07-12 14:54:12,0.003255563
2024-07-12 14:54:13,0.003243348
2024-07-12 14:54:13,0.003231077
2024-07-12 14:54:13,0.003221135
2024-07-12 14:54:13,0.003209421
2024-07-12 14:54:13,0.003200146
2024-07-12 14:54:13,0.003194959
2024-07-12 14:54:13,0.003173035
2024-07-12 14:54:13,0.003165657
2024-07-12 14:54:13,0.003149641
2024-07-12 14:54:13,0.003138154
2024-07-12 14:54:14,0.003126113
2024-07-12 14:54:14,0.00311411
2024-07-12 14:54:14,0.0031014
2024-07-12 14:54:14,0.003089701
2024-07-12 14:54:14,0.003078063
2024-07-12 14:54:14,0.003071749
2024-07-12 14:54:14,0.003061142
2024-07-12 14:54:14,0.003049154
2024-07-12 14:54:14,0.003033697
2024-07-12 14:54:15,0.003022847
2024-07-12 14:54:15,0.003011667
2024-07-12 14:54:15,0.003000489
2024-07-12 14:54:15,0.002988694
2024-07-12 14:54:15,0.002977625
2024-07-12 14:54:15,0.002965376
2024-07-12 14:54:15,0.002953153
2024-07-12 14:54:15,0.002944128
2024-07-12 14:54:15,0.002932
2024-07-12 14:54:15,0.002919356
2024-07-12 14:54:16,0.002909549
2024-07-12 14:54:16,0.002899826
2024-07-12 14:54:16,0.002889599
2024-07-12 14:54:16,0.002878377
2024-07-12 14:54:16,0.002866487
2024-07-12 14:54:16,0.002857413
2024-07-12 14:54:16,0.002844903
2024-07-12 14:54:16,0.002835169
2024-07-12 14:54:16,0.002827302
2024-07-12 14:54:17,0.002815803
2024-07-12 14:54:17,0.00280638
2024-07-12 14:54:17,0.002797616
2024-07-12 14:54:17,0.002787856
2024-07-12 14:54:17,0.002778242
2024-07-12 14:54:17,0.002767357
2024-07-12 14:54:17,0.002757411
2024-07-12 14:54:17,0.002747248
2024-07-12 14:54:17,0.002738268
2024-07-12 14:54:17,0.002729167
2024-07-12 14:54:18,0.002720195
2024-07-12 14:54:18,0.002710281
2024-07-12 14:54:18,0.002700638
2024-07-12 14:54:18,0.002691753
2024-07-12 14:54:18,0.002682182
2024-07-12 14:54:18,0.002672897
2024-07-12 14:54:18,0.002662928
2024-07-12 14:54:18,0.00265316
2024-07-12 14:54:18,0.002645079
2024-07-12 14:54:19,0.002635869
2024-07-12 14:54:19,0.002627086
2024-07-12 14:54:19,0.002617783
2024-07-12 14:54:19,0.002608905
2024-07-12 14:54:19,0.002601343
2024-07-12 14:54:19,0.002593105
2024-07-12 14:54:19,0.0025831
2024-07-12 14:54:19,0.00257493
2024-07-12 14:54:19,0.002566982
2024-07-12 14:54:19,0.002557758
2024-07-12 14:54:20,0.002549697
2024-07-12 14:54:20,0.002540734
2024-07-12 14:54:20,0.002532415
2024-07-12 14:54:20,0.002525468
2024-07-12 14:54:20,0.002513534
2024-07-12 14:54:20,0.002506835
2024-07-12 14:54:20,0.00250052
2024-07-12 14:54:20,0.002493383
2024-07-12 14:54:20,0.002487739
2024-07-12 14:54:20,0.002482739
2024-07-12 14:54:21,0.002473093
2024-07-12 14:54:21,0.002465413
2024-07-12 14:54:21,0.002456717
2024-07-12 14:54:21,0.002447703
2024-07-12 14:54:21,0.002441007
2024-07-12 14:54:21,0.002433473
2024-07-12 14:54:21,0.00242804
2024-07-12 14:54:21,0.002419921
2024-07-12 14:54:21,0.002412967
2024-07-12 14:54:22,0.00240619
2024-07-12 14:54:22,0.002398334
2024-07-12 14:54:22,0.002390324
2024-07-12 14:54:22,0.002382934
2024-07-12 14:54:22,0.002375652
2024-07-12 14:54:22,0.002368426
2024-07-12 14:54:22,0.00236125
2024-07-12 14:54:22,0.002354713
2024-07-12 14:54:22,0.002348071
2024-07-12 14:54:22,0.00234188
2024-07-12 14:54:23,0.002350109
2024-07-12 14:54:23,0.002330778
2024-07-12 14:54:23,0.002324417
2024-07-12 14:54:23,0.002318132
2024-07-12 14:54:23,0.002311655
2024-07-12 14:54:23,0.002304174
2024-07-12 14:54:23,0.00229675
2024-07-12 14:54:23,0.002290532
2024-07-12 14:54:23,0.002282867
2024-07-12 14:54:24,0.002276742
2024-07-12 14:54:24,0.002269294
2024-07-12 14:54:24,0.002263282
2024-07-12 14:54:24,0.002257662
2024-07-12 14:54:24,0.002252172
2024-07-12 14:54:24,0.002244729
2024-07-12 14:54:24,0.002238408
2024-07-12 14:54:24,0.00223305
2024-07-12 14:54:24,0.002226373
2024-07-12 14:54:24,0.002219952
2024-07-12 14:54:25,0.002213992
2024-07-12 14:54:25,0.002207096
2024-07-12 14:54:25,0.002201487
2024-07-12 14:54:25,0.002195481
2024-07-12 14:54:25,0.002189859
2024-07-12 14:54:25,0.002181108
2024-07-12 14:54:25,0.002175248
2024-07-12 14:54:25,0.002168982
2024-07-12 14:54:25,0.002166187
2024-07-12 14:54:26,0.00216013
2024-07-12 14:54:26,0.002151294
2024-07-12 14:54:26,0.002148355
2024-07-12 14:54:26,0.002140854
2024-07-12 14:54:26,0.002137795
2024-07-12 14:54:26,0.002132186
2024-07-12 14:54:26,0.002126776
2024-07-12 14:54:26,0.002121408
2024-07-12 14:54:26,0.002115128
2024-07-12 14:54:26,0.002111656
2024-07-12 14:54:27,0.002105214
2024-07-12 14:54:27,0.002098471
2024-07-12 14:54:27,0.002093448
2024-07-12 14:54:27,0.002087643
2024-07-12 14:54:27,0.002083189
2024-07-12 14:54:27,0.00207724
2024-07-12 14:54:27,0.002071485
2024-07-12 14:54:27,0.002066828
2024-07-12 14:54:27,0.002064853
2024-07-12 14:54:28,0.00205863
2024-07-12 14:54:28,0.002053702
2024-07-12 14:54:28,0.002048456
2024-07-12 14:54:28,0.002044066
2024-07-12 14:54:28,0.002038765
2024-07-12 14:54:28,0.002034558
2024-07-12 14:54:28,0.002029576
2024-07-12 14:54:28,0.002023945
2024-07-12 14:54:28,0.002018485
2024-07-12 14:54:28,0.002013765
2024-07-12 14:54:29,0.002005726
2024-07-12 14:54:29,0.00200146
2024-07-12 14:54:29,0.001997342
2024-07-12 14:54:29,0.001992869
2024-07-12 14:54:29,0.001985478
2024-07-12 14:54:29,0.001982228
2024-07-12 14:54:29,0.001977598
2024-07-12 14:54:29,0.001972443
2024-07-12 14:54:29,0.001967649
2024-07-12 14:54:30,0.001963577
2024-07-12 14:54:30,0.001958624
2024-07-12 14:54:30,0.001953818
2024-07-12 14:54:30,0.001949012
2024-07-12 14:54:30,0.001944089
2024-07-12 14:54:30,0.001939917
2024-07-12 14:54:30,0.001936018
2024-07-12 14:54:30,0.001932156
2024-07-12 14:54:30,0.00192768
2024-07-12 14:54:30,0.001924085
2024-07-12 14:54:31,0.001919064
2024-07-12 14:54:31,0.00191439
2024-07-12 14:54:31,0.001910718
2024-07-12 14:54:31,0.001907549
2024-07-12 14:54:31,0.001907418
2024-07-12 14:54:31,0.001901606
2024-07-12 14:54:31,0.001895962
2024-07-12 14:54:31,0.001890717
2024-07-12 14:54:31,0.001885868
2024-07-12 14:54:31,0.001880607
2024-07-12 14:54:32,0.001876188
2024-07-12 14:54:32,0.001870541
2024-07-12 14:54:32,0.001866094
2024-07-12 14:54:32,0.001863646
2024-07-12 14:54:32,0.001857617
2024-07-12 14:54:32,0.001853217
2024-07-12 14:54:32,0.00185043
2024-07-12 14:54:32,0.001843362
2024-07-12 14:54:32,0.001841807
2024-07-12 14:54:33,0.001839343
2024-07-12 14:54:33,0.001833517
2024-07-12 14:54:33,0.001827488
2024-07-12 14:54:33,0.001822279
2024-07-12 14:54:33,0.001818932
2024-07-12 14:54:33,0.001815467
2024-07-12 14:54:33,0.001811871
2024-07-12 14:54:33,0.001807917
2024-07-12 14:54:33,0.001802691
2024-07-12 14:54:33,0.001798696
2024-07-12 14:54:34,0.001794257
2024-07-12 14:54:34,0.001791187
2024-07-12 14:54:34,0.001787524
2024-07-12 14:54:34,0.001784243
2024-07-12 14:54:34,0.001780651
2024-07-12 14:54:34,0.001776883
2024-07-12 14:54:34,0.001774511
2024-07-12 14:54:34,0.001771689
2024-07-12 14:54:34,0.001768607
2024-07-12 14:54:34,0.001765431
2024-07-12 14:54:35,0.001761983
2024-07-12 14:54:35,0.00176072
2024-07-12 14:54:35,0.001756939
2024-07-12 14:54:35,0.001752002
2024-07-12 14:54:35,0.0017472
2024-07-12 14:54:35,0.001743407
2024-07-12 14:54:35,0.001741688
2024-07-12 14:54:35,0.001738082
2024-07-12 14:54:35,0.001732466
2024-07-12 14:54:35,0.001728156
2024-07-12 14:54:36,0.001724212
2024-07-12 14:54:36,0.001721262
2024-07-12 14:54:36,0.001717655
2024-07-12 14:54:36,0.001713892
2024-07-12 14:54:36,0.001710758
2024-07-12 14:54:36,0.001706824
2024-07-12 14:54:36,0.00170317
2024-07-12 14:54:36,0.001701314
2024-07-12 14:54:36,0.001697562
